type	name	lang	rva	size	file
JPG	BACKJPG	1042	0x312DA0	66920	resources/JPG_BACKJPG_1042.jpg
JPG	BACKJPG1	1042	0x35CB58	25857	resources/JPG_BACKJPG1_1042.jpg
JPG	CAPAJPG	1042	0x354A60	13435	resources/JPG_CAPAJPG_1042.jpg
JPG	CHECKJPG	1042	0x33BD88	15360	resources/JPG_CHECKJPG_1042.jpg
JPG	FAULTJPG	1042	0x342A28	14601	resources/JPG_FAULTJPG_1042.jpg
JPG	LOADJPG	1042	0x333538	22882	resources/JPG_LOADJPG_1042.jpg
JPG	NODATAJPG	1042	0x32D188	25520	resources/JPG_NODATAJPG_1042.jpg
JPG	OKJPG	1042	0x323308	14361	resources/JPG_OKJPG_1042.jpg
JPG	PASSJPG	1042	0x338EA0	12005	resources/JPG_PASSJPG_1042.jpg
JPG	RESIJPG	1042	0x346338	26501	resources/JPG_RESIJPG_1042.jpg
JPG	SMALLSPLASHJPG	1042	0x351DE8	11383	resources/JPG_SMALLSPLASHJPG_1042.jpg
JPG	SPLASHJPG	1042	0x34CAC0	21283	resources/JPG_SPLASHJPG_1042.jpg
JPG	STARTJPG	1042	0x326B28	13737	resources/JPG_STARTJPG_1042.jpg
JPG	TESTJPG	1042	0x32A0D8	12462	resources/JPG_TESTJPG_1042.jpg
JPG	TXTBACKJPG	1042	0x357EE0	19571	resources/JPG_TXTBACKJPG_1042.jpg
JPG	UNLOADJPG	1042	0x33F988	12447	resources/JPG_UNLOADJPG_1042.jpg
TEXT	TDB	1042	0x407BE8	4200	resources/TEXT_TDB_1042.txt
WAVE	CLICK	1042	0x3645F8	4636	resources/WAVE_CLICK_1042.wav
WAVE	COMPUTER	1042	0x37A748	21746	resources/WAVE_COMPUTER_1042.wav
WAVE	DINGDONG	1042	0x374848	24320	resources/WAVE_DINGDONG_1042.wav
WAVE	DINGDONG1	1042	0x394E90	61960	resources/WAVE_DINGDONG1_1042.wav
WAVE	DINGDONG2	1042	0x3A4098	73198	resources/WAVE_DINGDONG2_1042.wav
WAVE	DOMISOLDO	1042	0x38EA78	24058	resources/WAVE_DOMISOLDO_1042.wav
WAVE	DRIP	1042	0x394878	1554	resources/WAVE_DRIP_1042.wav
WAVE	SOUND1	1042	0x363060	5524	resources/WAVE_SOUND1_1042.wav
WAVE	STAGEOK	1042	0x381248	55338	resources/WAVE_STAGEOK_1042.wav
WAVE	START	1042	0x365818	61485	resources/WAVE_START_1042.wav
WAVE	TESTPOINT	1042	0x37FD78	5322	resources/WAVE_TESTPOINT_1042.wav
WAVE	TICK	1042	0x37FC40	312	resources/WAVE_TICK_1042.wav
RT_CURSOR	1	1042	0x405460	308	resources/RT_CURSOR_1_1042.bin
RT_CURSOR	62	1033	0x412290	308	resources/RT_CURSOR_62_1033.bin
RT_CURSOR	63	1033	0x4123C8	180	resources/RT_CURSOR_63_1033.bin
RT_CURSOR	64	1033	0x4124A8	308	resources/RT_CURSOR_64_1033.bin
RT_CURSOR	65	1033	0x4125F8	308	resources/RT_CURSOR_65_1033.bin
RT_CURSOR	66	1033	0x412748	308	resources/RT_CURSOR_66_1033.bin
RT_CURSOR	67	1033	0x412898	308	resources/RT_CURSOR_67_1033.bin
RT_CURSOR	68	1033	0x4129E8	308	resources/RT_CURSOR_68_1033.bin
RT_CURSOR	69	1033	0x412B38	308	resources/RT_CURSOR_69_1033.bin
RT_CURSOR	70	1033	0x412C88	308	resources/RT_CURSOR_70_1033.bin
RT_CURSOR	71	1033	0x412DD8	308	resources/RT_CURSOR_71_1033.bin
RT_CURSOR	72	1033	0x412F28	308	resources/RT_CURSOR_72_1033.bin
RT_CURSOR	73	1033	0x413078	308	resources/RT_CURSOR_73_1033.bin
RT_CURSOR	74	1033	0x4131C8	308	resources/RT_CURSOR_74_1033.bin
RT_CURSOR	75	1033	0x413318	308	resources/RT_CURSOR_75_1033.bin
RT_CURSOR	76	1033	0x413468	308	resources/RT_CURSOR_76_1033.bin
RT_CURSOR	77	1033	0x4135B8	308	resources/RT_CURSOR_77_1033.bin
RT_BITMAP	128	1042	0x3B5E88	2308	resources/RT_BITMAP_128_1042.dib
RT_BITMAP	134	1042	0x3B9798	9832	resources/RT_BITMAP_134_1042.dib
RT_BITMAP	135	1042	0x3B8478	1668	resources/RT_BITMAP_135_1042.dib
RT_BITMAP	136	1042	0x3B6790	7400	resources/RT_BITMAP_136_1042.dib
RT_BITMAP	144	1042	0x3B8B00	3224	resources/RT_BITMAP_144_1042.dib
RT_BITMAP	149	1042	0x3BBE00	19422	resources/RT_BITMAP_149_1042.dib
RT_BITMAP	150	1042	0x3C09E0	19422	resources/RT_BITMAP_150_1042.dib
RT_BITMAP	151	1042	0x3C55C0	19422	resources/RT_BITMAP_151_1042.dib
RT_BITMAP	152	1042	0x3CA1A0	19422	resources/RT_BITMAP_152_1042.dib
RT_BITMAP	153	1042	0x3CED80	19422	resources/RT_BITMAP_153_1042.dib
RT_BITMAP	154	1042	0x3D3960	19422	resources/RT_BITMAP_154_1042.dib
RT_BITMAP	155	1042	0x3D8540	19422	resources/RT_BITMAP_155_1042.dib
RT_BITMAP	156	1042	0x3DD120	19422	resources/RT_BITMAP_156_1042.dib
RT_BITMAP	159	1042	0x3E1D00	19422	resources/RT_BITMAP_159_1042.dib
RT_BITMAP	160	1042	0x3E68E0	19422	resources/RT_BITMAP_160_1042.dib
RT_BITMAP	161	1042	0x3EB4C0	19422	resources/RT_BITMAP_161_1042.dib
RT_BITMAP	162	1042	0x3F00A0	19422	resources/RT_BITMAP_162_1042.dib
RT_BITMAP	165	1042	0x3F4C80	680	resources/RT_BITMAP_165_1042.dib
RT_BITMAP	166	1042	0x3F4F28	680	resources/RT_BITMAP_166_1042.dib
RT_BITMAP	167	1042	0x3F51D0	680	resources/RT_BITMAP_167_1042.dib
RT_BITMAP	180	1042	0x3F5478	144	resources/RT_BITMAP_180_1042.dib
RT_BITMAP	181	1042	0x3F5508	144	resources/RT_BITMAP_181_1042.dib
RT_BITMAP	193	1042	0x3F5598	19422	resources/RT_BITMAP_193_1042.dib
RT_BITMAP	194	1042	0x3FA178	19420	resources/RT_BITMAP_194_1042.dib
RT_BITMAP	195	1042	0x3FED58	19420	resources/RT_BITMAP_195_1042.dib
RT_BITMAP	208	1042	0x403938	6952	resources/RT_BITMAP_208_1042.dib
RT_BITMAP	30994	1033	0x4137F0	184	resources/RT_BITMAP_30994_1033.dib
RT_BITMAP	30996	1033	0x4138A8	324	resources/RT_BITMAP_30996_1033.dib
RT_ICON	2	1042	0x4055B0	744	resources/RT_ICON_2_1042.bin
RT_ICON	3	1042	0x4058B0	744	resources/RT_ICON_3_1042.bin
RT_ICON	4	1033	0x408C50	744	resources/RT_ICON_4_1033.bin
RT_ICON	5	1033	0x408F38	296	resources/RT_ICON_5_1033.bin
RT_ICON	6	1033	0x409088	744	resources/RT_ICON_6_1033.bin
RT_ICON	7	1033	0x409370	296	resources/RT_ICON_7_1033.bin
RT_ICON	8	1033	0x4094C0	744	resources/RT_ICON_8_1033.bin
RT_ICON	9	1033	0x4097A8	296	resources/RT_ICON_9_1033.bin
RT_ICON	10	1033	0x4098D0	3752	resources/RT_ICON_10_1033.bin
RT_ICON	11	1033	0x40A7A8	744	resources/RT_ICON_11_1033.bin
RT_ICON	12	1033	0x40AA90	296	resources/RT_ICON_12_1033.bin
RT_ICON	13	1033	0x40ABE0	744	resources/RT_ICON_13_1033.bin
RT_ICON	14	1033	0x40AEC8	296	resources/RT_ICON_14_1033.bin
RT_ICON	15	1033	0x40B018	744	resources/RT_ICON_15_1033.bin
RT_ICON	16	1033	0x40B300	296	resources/RT_ICON_16_1033.bin
RT_ICON	17	1033	0x40B450	744	resources/RT_ICON_17_1033.bin
RT_ICON	18	1033	0x40B738	296	resources/RT_ICON_18_1033.bin
RT_ICON	19	1033	0x40B888	744	resources/RT_ICON_19_1033.bin
RT_ICON	20	1033	0x40BB70	296	resources/RT_ICON_20_1033.bin
RT_ICON	21	1033	0x40BCC0	744	resources/RT_ICON_21_1033.bin
RT_ICON	22	1033	0x40BFA8	296	resources/RT_ICON_22_1033.bin
RT_ICON	23	1033	0x40C0F8	744	resources/RT_ICON_23_1033.bin
RT_ICON	24	1033	0x40C3E0	296	resources/RT_ICON_24_1033.bin
RT_ICON	25	1033	0x40C530	744	resources/RT_ICON_25_1033.bin
RT_ICON	26	1033	0x40C818	296	resources/RT_ICON_26_1033.bin
RT_ICON	27	1033	0x40C968	744	resources/RT_ICON_27_1033.bin
RT_ICON	28	1033	0x40CC50	296	resources/RT_ICON_28_1033.bin
RT_ICON	29	1033	0x40CDA0	744	resources/RT_ICON_29_1033.bin
RT_ICON	30	1033	0x40D088	296	resources/RT_ICON_30_1033.bin
RT_ICON	31	1033	0x40D1D8	744	resources/RT_ICON_31_1033.bin
RT_ICON	32	1033	0x40D4C0	296	resources/RT_ICON_32_1033.bin
RT_ICON	33	1033	0x40D610	744	resources/RT_ICON_33_1033.bin
RT_ICON	34	1033	0x40D8F8	296	resources/RT_ICON_34_1033.bin
RT_ICON	35	1033	0x40DA48	744	resources/RT_ICON_35_1033.bin
RT_ICON	36	1033	0x40DD30	296	resources/RT_ICON_36_1033.bin
RT_ICON	37	1033	0x40DE80	744	resources/RT_ICON_37_1033.bin
RT_ICON	38	1033	0x40E168	296	resources/RT_ICON_38_1033.bin
RT_ICON	39	1033	0x40E2B8	744	resources/RT_ICON_39_1033.bin
RT_ICON	40	1033	0x40E5A0	296	resources/RT_ICON_40_1033.bin
RT_ICON	41	1033	0x40E6F0	744	resources/RT_ICON_41_1033.bin
RT_ICON	42	1033	0x40E9D8	296	resources/RT_ICON_42_1033.bin
RT_ICON	43	1033	0x40EB28	744	resources/RT_ICON_43_1033.bin
RT_ICON	44	1033	0x40EE10	296	resources/RT_ICON_44_1033.bin
RT_ICON	45	1033	0x40EF38	3752	resources/RT_ICON_45_1033.bin
RT_ICON	46	1033	0x40FE10	744	resources/RT_ICON_46_1033.bin
RT_ICON	47	1033	0x4100F8	296	resources/RT_ICON_47_1033.bin
RT_ICON	48	1033	0x410248	744	resources/RT_ICON_48_1033.bin
RT_ICON	49	1033	0x410530	296	resources/RT_ICON_49_1033.bin
RT_ICON	50	1033	0x410680	744	resources/RT_ICON_50_1033.bin
RT_ICON	51	1033	0x410968	296	resources/RT_ICON_51_1033.bin
RT_ICON	52	1033	0x410AB8	744	resources/RT_ICON_52_1033.bin
RT_ICON	53	1033	0x410DA0	296	resources/RT_ICON_53_1033.bin
RT_ICON	54	1033	0x410EF0	744	resources/RT_ICON_54_1033.bin
RT_ICON	55	1033	0x4111D8	296	resources/RT_ICON_55_1033.bin
RT_ICON	56	1033	0x411328	744	resources/RT_ICON_56_1033.bin
RT_ICON	57	1033	0x411610	296	resources/RT_ICON_57_1033.bin
RT_ICON	58	1033	0x411760	744	resources/RT_ICON_58_1033.bin
RT_ICON	59	1033	0x411A48	296	resources/RT_ICON_59_1033.bin
RT_ICON	60	1033	0x411B98	744	resources/RT_ICON_60_1033.bin
RT_ICON	61	1033	0x411E80	296	resources/RT_ICON_61_1033.bin
RT_MENU	128	1033	0x411FD0	596	resources/RT_MENU_128_1033.bin
RT_DIALOG	100	1042	0x406218	620	resources/RT_DIALOG_100_1042.bin
RT_DIALOG	146	1042	0x405BB0	188	resources/RT_DIALOG_146_1042.bin
RT_DIALOG	147	1042	0x405C70	52	resources/RT_DIALOG_147_1042.bin
RT_DIALOG	158	1042	0x405CA8	40	resources/RT_DIALOG_158_1042.bin
RT_DIALOG	164	1042	0x405CD0	948	resources/RT_DIALOG_164_1042.bin
RT_DIALOG	184	1042	0x406088	398	resources/RT_DIALOG_184_1042.bin
RT_DIALOG	188	1042	0x406488	178	resources/RT_DIALOG_188_1042.bin
RT_DIALOG	189	1042	0x406540	212	resources/RT_DIALOG_189_1042.bin
RT_DIALOG	190	1042	0x406618	470	resources/RT_DIALOG_190_1042.bin
RT_DIALOG	200	1042	0x4067F0	212	resources/RT_DIALOG_200_1042.bin
RT_DIALOG	201	1042	0x4068C8	118	resources/RT_DIALOG_201_1042.bin
RT_DIALOG	202	1042	0x406940	198	resources/RT_DIALOG_202_1042.bin
RT_DIALOG	203	1042	0x406A08	312	resources/RT_DIALOG_203_1042.bin
RT_DIALOG	206	1042	0x406B40	392	resources/RT_DIALOG_206_1042.bin
RT_DIALOG	209	1042	0x406CC8	1516	resources/RT_DIALOG_209_1042.bin
RT_DIALOG	212	1042	0x4072B8	196	resources/RT_DIALOG_212_1042.bin
RT_DIALOG	213	1042	0x407380	2146	resources/RT_DIALOG_213_1042.bin
RT_DIALOG	30721	1033	0x413708	232	resources/RT_DIALOG_30721_1033.bin
RT_STRING	9	1033	0x4139F0	154	resources/RT_STRING_9_1033.bin
RT_STRING	2049	1033	0x4148C8	104	resources/RT_STRING_2049_1033.bin
RT_STRING	3585	1033	0x413A90	52	resources/RT_STRING_3585_1033.bin
RT_STRING	3601	1033	0x413B10	358	resources/RT_STRING_3601_1033.bin
RT_STRING	3602	1033	0x413D80	608	resources/RT_STRING_3602_1033.bin
RT_STRING	3603	1033	0x414130	808	resources/RT_STRING_3603_1033.bin
RT_STRING	3604	1033	0x4140C0	112	resources/RT_STRING_3604_1033.bin
RT_STRING	3605	1033	0x413C78	262	resources/RT_STRING_3605_1033.bin
RT_STRING	3606	1033	0x413FE0	218	resources/RT_STRING_3606_1033.bin
RT_STRING	3697	1033	0x413AC8	70	resources/RT_STRING_3697_1033.bin
RT_STRING	3713	1033	0x4147F0	214	resources/RT_STRING_3713_1033.bin
RT_STRING	3825	1033	0x414458	504	resources/RT_STRING_3825_1033.bin
RT_STRING	3826	1033	0x414650	412	resources/RT_STRING_3826_1033.bin
RT_STRING	3841	1033	0x414930	130	resources/RT_STRING_3841_1033.bin
RT_STRING	3842	1033	0x4149B8	42	resources/RT_STRING_3842_1033.bin
RT_STRING	3843	1033	0x4149E8	402	resources/RT_STRING_3843_1033.bin
RT_STRING	3857	1033	0x414B80	1250	resources/RT_STRING_3857_1033.bin
RT_STRING	3858	1033	0x4153F8	794	resources/RT_STRING_3858_1033.bin
RT_STRING	3859	1033	0x415118	732	resources/RT_STRING_3859_1033.bin
RT_STRING	3860	1033	0x415F58	138	resources/RT_STRING_3860_1033.bin
RT_STRING	3865	1033	0x415068	172	resources/RT_STRING_3865_1033.bin
RT_STRING	3866	1033	0x415E48	222	resources/RT_STRING_3866_1033.bin
RT_STRING	3867	1033	0x415718	1220	resources/RT_STRING_3867_1033.bin
RT_STRING	3868	1033	0x415BE0	612	resources/RT_STRING_3868_1033.bin
RT_STRING	3869	1033	0x415F28	44	resources/RT_STRING_3869_1033.bin
RT_STRING	3887	1033	0x415FE8	66	resources/RT_STRING_3887_1033.bin
RT_ACCELERATOR	128	1033	0x412228	104	resources/RT_ACCELERATOR_128_1033.bin
RT_GROUP_CURSOR	147	1042	0x405598	20	resources/RT_GROUP_CURSOR_147_1042.bin
RT_GROUP_CURSOR	30977	1033	0x412480	34	resources/RT_GROUP_CURSOR_30977_1033.bin
RT_GROUP_CURSOR	30998	1033	0x412C70	20	resources/RT_GROUP_CURSOR_30998_1033.bin
RT_GROUP_CURSOR	30999	1033	0x4125E0	20	resources/RT_GROUP_CURSOR_30999_1033.bin
RT_GROUP_CURSOR	31000	1033	0x412B20	20	resources/RT_GROUP_CURSOR_31000_1033.bin
RT_GROUP_CURSOR	31001	1033	0x4129D0	20	resources/RT_GROUP_CURSOR_31001_1033.bin
RT_GROUP_CURSOR	31002	1033	0x413300	20	resources/RT_GROUP_CURSOR_31002_1033.bin
RT_GROUP_CURSOR	31003	1033	0x412880	20	resources/RT_GROUP_CURSOR_31003_1033.bin
RT_GROUP_CURSOR	31004	1033	0x412F10	20	resources/RT_GROUP_CURSOR_31004_1033.bin
RT_GROUP_CURSOR	31005	1033	0x412730	20	resources/RT_GROUP_CURSOR_31005_1033.bin
RT_GROUP_CURSOR	31006	1033	0x412DC0	20	resources/RT_GROUP_CURSOR_31006_1033.bin
RT_GROUP_CURSOR	31007	1033	0x413060	20	resources/RT_GROUP_CURSOR_31007_1033.bin
RT_GROUP_CURSOR	31008	1033	0x4131B0	20	resources/RT_GROUP_CURSOR_31008_1033.bin
RT_GROUP_CURSOR	31009	1033	0x413450	20	resources/RT_GROUP_CURSOR_31009_1033.bin
RT_GROUP_CURSOR	31010	1033	0x4135A0	20	resources/RT_GROUP_CURSOR_31010_1033.bin
RT_GROUP_CURSOR	31011	1033	0x4136F0	20	resources/RT_GROUP_CURSOR_31011_1033.bin
RT_GROUP_ICON	128	1033	0x409060	34	resources/RT_GROUP_ICON_128_1033.bin
RT_GROUP_ICON	129	1033	0x409498	34	resources/RT_GROUP_ICON_129_1033.bin
RT_GROUP_ICON	130	1033	0x40A778	48	resources/RT_GROUP_ICON_130_1033.bin
RT_GROUP_ICON	131	1033	0x40ABB8	34	resources/RT_GROUP_ICON_131_1033.bin
RT_GROUP_ICON	132	1033	0x40AFF0	34	resources/RT_GROUP_ICON_132_1033.bin
RT_GROUP_ICON	133	1033	0x40B428	34	resources/RT_GROUP_ICON_133_1033.bin
RT_GROUP_ICON	135	1042	0x405898	20	resources/RT_GROUP_ICON_135_1042.bin
RT_GROUP_ICON	136	1033	0x40B860	34	resources/RT_GROUP_ICON_136_1033.bin
RT_GROUP_ICON	137	1033	0x40BC98	34	resources/RT_GROUP_ICON_137_1033.bin
RT_GROUP_ICON	138	1042	0x405B98	20	resources/RT_GROUP_ICON_138_1042.bin
RT_GROUP_ICON	139	1033	0x40C0D0	34	resources/RT_GROUP_ICON_139_1033.bin
RT_GROUP_ICON	140	1033	0x40C508	34	resources/RT_GROUP_ICON_140_1033.bin
RT_GROUP_ICON	141	1033	0x40C940	34	resources/RT_GROUP_ICON_141_1033.bin
RT_GROUP_ICON	142	1033	0x40CD78	34	resources/RT_GROUP_ICON_142_1033.bin
RT_GROUP_ICON	144	1033	0x40D1B0	34	resources/RT_GROUP_ICON_144_1033.bin
RT_GROUP_ICON	145	1033	0x40D5E8	34	resources/RT_GROUP_ICON_145_1033.bin
RT_GROUP_ICON	146	1033	0x40DA20	34	resources/RT_GROUP_ICON_146_1033.bin
RT_GROUP_ICON	147	1033	0x40DE58	34	resources/RT_GROUP_ICON_147_1033.bin
RT_GROUP_ICON	148	1033	0x40E290	34	resources/RT_GROUP_ICON_148_1033.bin
RT_GROUP_ICON	149	1033	0x40E6C8	34	resources/RT_GROUP_ICON_149_1033.bin
RT_GROUP_ICON	150	1033	0x40EB00	34	resources/RT_GROUP_ICON_150_1033.bin
RT_GROUP_ICON	151	1033	0x40FDE0	48	resources/RT_GROUP_ICON_151_1033.bin
RT_GROUP_ICON	152	1033	0x410220	34	resources/RT_GROUP_ICON_152_1033.bin
RT_GROUP_ICON	153	1033	0x410658	34	resources/RT_GROUP_ICON_153_1033.bin
RT_GROUP_ICON	154	1033	0x410A90	34	resources/RT_GROUP_ICON_154_1033.bin
RT_GROUP_ICON	155	1033	0x410EC8	34	resources/RT_GROUP_ICON_155_1033.bin
RT_GROUP_ICON	156	1033	0x411300	34	resources/RT_GROUP_ICON_156_1033.bin
RT_GROUP_ICON	157	1033	0x411738	34	resources/RT_GROUP_ICON_157_1033.bin
RT_GROUP_ICON	158	1033	0x411B70	34	resources/RT_GROUP_ICON_158_1033.bin
RT_GROUP_ICON	159	1033	0x411FA8	34	resources/RT_GROUP_ICON_159_1033.bin
