offset	rva	va	text
0x00003D29	0x3d29	0x403d29	jjjj
0x00005CFE	0x5cfe	0x405cfe	jjjj
0x000061BB	0x61bb	0x4061bb	jjjj
0x0000718D	0x718d	0x40718d	jjjj
0x000076E7	0x76e7	0x4076e7	jjjj
0x0000773F	0x773f	0x40773f	jjjj
0x000086E3	0x86e3	0x4086e3	jjjj
0x00008745	0x8745	0x408745	jjjj
0x000092BF	0x92bf	0x4092bf	jjjj
0x000092FA	0x92fa	0x4092fa	bjjjj
0x0000A1DB	0xa1db	0x40a1db	bjjjj
0x0000BC84	0xbc84	0x40bc84	jjjj
0x0000BE4F	0xbe4f	0x40be4f	jjjj
0x00011CC0	0x11cc0	0x411cc0	jjjj
0x00011D35	0x11d35	0x411d35	bjjjj
0x000159C9	0x159c9	0x4159c9	jjjj
0x000295E1	0x295e1	0x4295e1	jjjjjjj
0x0002AF5E	0x2af5e	0x42af5e	jjjj
0x0002C9CB	0x2c9cb	0x42c9cb	jjjj
0x00030B1D	0x30b1d	0x430b1d	bjjj
0x00030B66	0x30b66	0x430b66	bjjj
0x00031513	0x31513	0x431513	jjjj
0x0003584B	0x3584b	0x43584b	jjjj
0x00036562	0x36562	0x436562	jjjjh
0x00036743	0x36743	0x436743	jjjj
0x0003C5AC	0x3c5ac	0x43c5ac	jjjj
0x0003CFEC	0x3cfec	0x43cfec	jjjj
0x00041899	0x41899	0x441899	jjjj
0x00049DF5	0x49df5	0x449df5	jjjjj
0x00049E29	0x49e29	0x449e29	jjjjj
0x0004A11C	0x4a11c	0x44a11c	jjjjj
0x0004A430	0x4a430	0x44a430	jjjjj
0x0004A6D1	0x4a6d1	0x44a6d1	jjjjj
0x0004ACAC	0x4acac	0x44acac	jjjjj
0x0004B1BA	0x4b1ba	0x44b1ba	jjjjj
0x0004B783	0x4b783	0x44b783	jjjjj
0x0004B7F3	0x4b7f3	0x44b7f3	jjjjj
0x0004B845	0x4b845	0x44b845	jjjjjh
0x0004BC06	0x4bc06	0x44bc06	jjjjj
0x0004BFAF	0x4bfaf	0x44bfaf	jjjjj
0x0004C206	0x4c206	0x44c206	jjjjj
0x0004C428	0x4c428	0x44c428	jjjjj
0x0004C655	0x4c655	0x44c655	jjjjj
0x0004C981	0x4c981	0x44c981	jjjjj
0x0004CBAD	0x4cbad	0x44cbad	jjjjj
0x0004CDCE	0x4cdce	0x44cdce	jjjjj
0x0004CFF0	0x4cff0	0x44cff0	jjjjj
0x0004D2CE	0x4d2ce	0x44d2ce	jjjjj
0x0004DFD9	0x4dfd9	0x44dfd9	jjjjj
0x0004E20A	0x4e20a	0x44e20a	jjjjj
0x0004E3C6	0x4e3c6	0x44e3c6	jjjjj
0x0004E47D	0x4e47d	0x44e47d	jjjjj
0x0004EE5A	0x4ee5a	0x44ee5a	jjjjj
0x0004EF16	0x4ef16	0x44ef16	jjjjj
0x0004F01B	0x4f01b	0x44f01b	jjjjj
0x0004F1A7	0x4f1a7	0x44f1a7	jjjjjh
0x0004F394	0x4f394	0x44f394	jjjjj
0x0004F3E6	0x4f3e6	0x44f3e6	jjjjj
0x0004F440	0x4f440	0x44f440	jjjjj
0x0004F48D	0x4f48d	0x44f48d	jjjjj
0x0004F4FA	0x4f4fa	0x44f4fa	jjjjj
0x0004F7BB	0x4f7bb	0x44f7bb	jjjjj
0x0004F952	0x4f952	0x44f952	jjjjj
0x0004FAEC	0x4faec	0x44faec	jjjjj
0x0004FB6F	0x4fb6f	0x44fb6f	jjjjj
0x0004FE5A	0x4fe5a	0x44fe5a	jjjjj
0x0005027B	0x5027b	0x45027b	jjjjj
0x0005068B	0x5068b	0x45068b	jjjjj
0x00050701	0x50701	0x450701	jjjjj
0x00050787	0x50787	0x450787	jjjjj
0x000507E9	0x507e9	0x4507e9	jjjjj
0x0005085F	0x5085f	0x45085f	jjjjj
0x000508DF	0x508df	0x4508df	jjjjj
0x00050999	0x50999	0x450999	jjjjj
0x00050A5E	0x50a5e	0x450a5e	jjjjj
0x00050AC0	0x50ac0	0x450ac0	jjjjj
0x00050B4B	0x50b4b	0x450b4b	jjjjj
0x00050E5D	0x50e5d	0x450e5d	jjjjj
0x00050FCC	0x50fcc	0x450fcc	jjjjj
0x00051033	0x51033	0x451033	jjjjj
0x0005109A	0x5109a	0x45109a	jjjjj
0x0005131A	0x5131a	0x45131a	jjjjj
0x00051396	0x51396	0x451396	jjjjj
0x00051537	0x51537	0x451537	jjjjj
0x0005169A	0x5169a	0x45169a	jjjjj
0x00051899	0x51899	0x451899	jjjjj
0x00051A4F	0x51a4f	0x451a4f	jjjjj
0x00051C88	0x51c88	0x451c88	jjjjj
0x00051E49	0x51e49	0x451e49	jjjjj
0x0005206D	0x5206d	0x45206d	jjjjj
0x0005229A	0x5229a	0x45229a	jjjjj
0x00052541	0x52541	0x452541	jjjjj
0x0005283A	0x5283a	0x45283a	jjjjj
0x00052A88	0x52a88	0x452a88	jjjjj
0x00052B7A	0x52b7a	0x452b7a	jjjjj
0x00052D52	0x52d52	0x452d52	jjjjj
0x00052F2A	0x52f2a	0x452f2a	jjjjj
0x0005306F	0x5306f	0x45306f	jjjjj
0x0005336E	0x5336e	0x45336e	jjjjj
0x00053505	0x53505	0x453505	jjjjj
0x000535B2	0x535b2	0x4535b2	jjjjj
0x000539DD	0x539dd	0x4539dd	jjjjj
0x00053BC8	0x53bc8	0x453bc8	jjjjj
0x00053C3F	0x53c3f	0x453c3f	jjjjj
0x00053CA0	0x53ca0	0x453ca0	jjjjj
0x00053D07	0x53d07	0x453d07	jjjjj
0x00053D5A	0x53d5a	0x453d5a	jjjjj
0x00053DAC	0x53dac	0x453dac	jjjjj
0x00053E07	0x53e07	0x453e07	jjjjj
0x00053E7F	0x53e7f	0x453e7f	jjjjj
0x00053ECC	0x53ecc	0x453ecc	jjjjj
0x00053F2E	0x53f2e	0x453f2e	jjjjj
0x00053F7D	0x53f7d	0x453f7d	jjjjj
0x000540DF	0x540df	0x4540df	jjjjj
0x00054239	0x54239	0x454239	jjjjj
0x000543BD	0x543bd	0x4543bd	jjjjj
0x000544F2	0x544f2	0x4544f2	jjjjj
0x0005454B	0x5454b	0x45454b	jjjjj
0x00054598	0x54598	0x454598	jjjjj
0x0005462A	0x5462a	0x45462a	jjjjj
0x00054699	0x54699	0x454699	jjjjj
0x00054841	0x54841	0x454841	jjjjj
0x00054A64	0x54a64	0x454a64	jjjjj
0x00054B18	0x54b18	0x454b18	jjjjj
0x00054B80	0x54b80	0x454b80	jjjjj
0x00054CEF	0x54cef	0x454cef	jjjjj
0x00054D9B	0x54d9b	0x454d9b	jjjjj
0x00054F0E	0x54f0e	0x454f0e	jjjjj
0x0005526E	0x5526e	0x45526e	jjjjj
0x000552D2	0x552d2	0x4552d2	jjjjj
0x0005556A	0x5556a	0x45556a	jjjjj
0x00055875	0x55875	0x455875	jjjjj
0x00055A3C	0x55a3c	0x455a3c	jjjjj
0x00055AF5	0x55af5	0x455af5	jjjjj
0x00055BAA	0x55baa	0x455baa	jjjjj
0x00055CF8	0x55cf8	0x455cf8	jjjjj
0x00055D45	0x55d45	0x455d45	jjjjj
0x00055DE8	0x55de8	0x455de8	jjjjj
0x00055E8F	0x55e8f	0x455e8f	jjjjj
0x00055F32	0x55f32	0x455f32	jjjjj
0x00055F94	0x55f94	0x455f94	jjjjj
0x000560AB	0x560ab	0x4560ab	jjjjj
0x000561B1	0x561b1	0x4561b1	jjjjj
0x00056493	0x56493	0x456493	jjjjj
0x0005669C	0x5669c	0x45669c	jjjjj
0x000566F7	0x566f7	0x4566f7	jjjjj
0x000567A1	0x567a1	0x4567a1	jjjjj
0x000569F8	0x569f8	0x4569f8	jjjjj
0x00056E09	0x56e09	0x456e09	jjjjj
0x00056E9A	0x56e9a	0x456e9a	jjjjj
0x00057099	0x57099	0x457099	jjjjj
0x000570DF	0x570df	0x4570df	jjjjj
0x00057169	0x57169	0x457169	jjjjj
0x00057219	0x57219	0x457219	jjjjj
0x0005726D	0x5726d	0x45726d	jjjjj
0x000573D1	0x573d1	0x4573d1	jjjjj
0x0005741E	0x5741e	0x45741e	jjjjj
0x00057472	0x57472	0x457472	jjjjj
0x000574C6	0x574c6	0x4574c6	jjjjj
0x000575AE	0x575ae	0x4575ae	jjjjj
0x00057620	0x57620	0x457620	jjjjj
0x00057692	0x57692	0x457692	jjjjj
0x000576ED	0x576ed	0x4576ed	jjjjj
0x00057754	0x57754	0x457754	jjjjj
0x0005780C	0x5780c	0x45780c	jjjjj
0x000578AF	0x578af	0x4578af	jjjjj
0x00057917	0x57917	0x457917	jjjjj
0x0005796E	0x5796e	0x45796e	jjjjj
0x00057A44	0x57a44	0x457a44	jjjjj
0x00057AA6	0x57aa6	0x457aa6	jjjjj
0x00057B51	0x57b51	0x457b51	jjjjjh
0x00057BAC	0x57bac	0x457bac	jjjjj
0x00057C18	0x57c18	0x457c18	jjjjj
0x00057CCF	0x57ccf	0x457ccf	jjjjj
0x00057D0A	0x57d0a	0x457d0a	jjjjj
0x00057D7E	0x57d7e	0x457d7e	jjjjj
0x00057DCC	0x57dcc	0x457dcc	jjjjj
0x00057E47	0x57e47	0x457e47	jjjjj
0x00057EA4	0x57ea4	0x457ea4	jjjjj
0x00057F07	0x57f07	0x457f07	jjjjj
0x00057F62	0x57f62	0x457f62	jjjjj
0x00058047	0x58047	0x458047	jjjjj
0x000581F7	0x581f7	0x4581f7	jjjjj
0x000582BE	0x582be	0x4582be	jjjjj
0x0005831E	0x5831e	0x45831e	jjjjj
0x00058372	0x58372	0x458372	jjjjj
0x000583C6	0x583c6	0x4583c6	jjjjj
0x0005842D	0x5842d	0x45842d	jjjjj
0x0005848A	0x5848a	0x45848a	jjjjj
0x000584E5	0x584e5	0x4584e5	jjjjj
0x0005853B	0x5853b	0x45853b	jjjjj
0x0005B9F9	0x5b9f9	0x45b9f9	jjjj
0x0005C5B8	0x5c5b8	0x45c5b8	jjjj
0x0005EDCA	0x5edca	0x45edca	jjjj
0x0006A4EB	0x6a4eb	0x46a4eb	jjjj
0x00080B3C	0x80b3c	0x480b3c	jjjj
0x0008B2AA	0x8b2aa	0x48b2aa	jjjj
0x0008B30C	0x8b30c	0x48b30c	jjjj
0x0008C63E	0x8c63e	0x48c63e	jjjj
0x0008F301	0x8f301	0x48f301	jjjj
0x00094A1A	0x94a1a	0x494a1a	jjjjh
0x00095061	0x95061	0x495061	jjjj
0x00096725	0x96725	0x496725	jjjj
0x00097995	0x97995	0x497995	jjjj
0x000986B2	0x986b2	0x4986b2	jjjj
0x0009876A	0x9876a	0x49876a	jjjj
0x00098919	0x98919	0x498919	jjjj
0x0009BED5	0x9bed5	0x49bed5	jjjj
0x000A18A4	0xa18a4	0x4a18a4	jjjj
0x000B3D3F	0xb3d3f	0x4b3d3f	jjjj
0x000B3D49	0xb3d49	0x4b3d49	jjjjjjj
0x000B53B9	0xb53b9	0x4b53b9	jjjj
0x000B75E7	0xb75e7	0x4b75e7	jjjjjjj
0x000CF53D	0xcf53d	0x4cf53d	jjjj
0x000CF838	0xcf838	0x4cf838	jjjj
0x000CF890	0xcf890	0x4cf890	jjjj
0x000D19B4	0xd19b4	0x4d19b4	jjjj
0x000D3EB4	0xd3eb4	0x4d3eb4	jjjj
0x000D410F	0xd410f	0x4d410f	jjjj
0x000D685E	0xd685e	0x4d685e	jjjj
0x000D68C3	0xd68c3	0x4d68c3	jjjj
0x000D6C1F	0xd6c1f	0x4d6c1f	jjjj
0x000D7499	0xd7499	0x4d7499	jjjj
0x000D7804	0xd7804	0x4d7804	jjjj
0x000DDA56	0xdda56	0x4dda56	jjjj
0x000DDB94	0xddb94	0x4ddb94	jjjj
0x000DDC22	0xddc22	0x4ddc22	jjjj
0x000DE532	0xde532	0x4de532	jjjj
0x000DE6BD	0xde6bd	0x4de6bd	jjjj
0x000DE8F2	0xde8f2	0x4de8f2	jjjj
0x000E0FEF	0xe0fef	0x4e0fef	Njjjj
0x000E12CC	0xe12cc	0x4e12cc	Njjjj
0x000E74F3	0xe74f3	0x4e74f3	jjjj
0x000E7BF3	0xe7bf3	0x4e7bf3	jjjj
0x000E8228	0xe8228	0x4e8228	jjjj
0x0010018A	0x10018a	0x50018a	jjjj
0x0010DA59	0x10da59	0x50da59	jjjj
0x0011FCA0	0x11fca0	0x51fca0	jjjjj
0x00120A9F	0x120a9f	0x520a9f	jjjjj
0x0012637E	0x12637e	0x52637e	hjjjj
0x001263A0	0x1263a0	0x5263a0	bjjjj
0x001263F6	0x1263f6	0x5263f6	hjjj
0x00126445	0x126445	0x526445	bjjj
0x00126836	0x126836	0x526836	hjjjj
0x00126858	0x126858	0x526858	bjjjj
0x00126884	0x126884	0x526884	hjjj
0x001268CC	0x1268cc	0x5268cc	bjjj
0x0012690C	0x12690c	0x52690c	hjjj
0x00126E48	0x126e48	0x526e48	hjjj
0x00126E8C	0x126e8c	0x526e8c	bjjjj
0x00126F86	0x126f86	0x526f86	hjjj
0x00126FE4	0x126fe4	0x526fe4	hjjj
0x0012754F	0x12754f	0x52754f	bjjjj
0x00127574	0x127574	0x527574	bjjjj
0x00127596	0x127596	0x527596	bjjjj
0x001275B8	0x1275b8	0x5275b8	bjjjj
0x001275DA	0x1275da	0x5275da	bjjjj
0x001276AB	0x1276ab	0x5276ab	hjjjj
0x00127702	0x127702	0x527702	hjjjj
0x00127755	0x127755	0x527755	hjjjj
0x00127798	0x127798	0x527798	hjjjj
0x001277C5	0x1277c5	0x5277c5	hjjjj
0x00127C41	0x127c41	0x527c41	bjjjj
0x00127D47	0x127d47	0x527d47	hjjjj
0x00127DD8	0x127dd8	0x527dd8	bjjjj
0x00127F31	0x127f31	0x527f31	bjjjj
0x00127FE8	0x127fe8	0x527fe8	hjjjj
0x00128013	0x128013	0x528013	hjjjj
0x00128035	0x128035	0x528035	hjjjj
0x0012807F	0x12807f	0x52807f	hjjjj
0x001280E8	0x1280e8	0x5280e8	hjjjj
0x00128143	0x128143	0x528143	hjjjj
0x00128191	0x128191	0x528191	bjjjj
0x001282A5	0x1282a5	0x5282a5	hjjjj
0x00128307	0x128307	0x528307	bjjjj
0x0012838B	0x12838b	0x52838b	hjjjj
0x001283AF	0x1283af	0x5283af	hjjjj
0x001283D1	0x1283d1	0x5283d1	hjjjj
0x00128685	0x128685	0x528685	hjjj
0x001286C7	0x1286c7	0x5286c7	hjjj
0x001288CE	0x1288ce	0x5288ce	hjjj
0x0012890B	0x12890b	0x52890b	hjjj
0x00131A64	0x131a64	0x531a64	jjjj
0x0013A075	0x13a075	0x53a075	jjjj
0x0013D6D2	0x13d6d2	0x53d6d2	jjjj
0x0013DC4B	0x13dc4b	0x53dc4b	bjjj
0x00140933	0x140933	0x540933	jjjj
0x001418DE	0x1418de	0x5418de	jjjj
0x0014197E	0x14197e	0x54197e	jjjj
0x0014564F	0x14564f	0x54564f	jjjj
0x00147131	0x147131	0x547131	jjjj
0x00147F5B	0x147f5b	0x547f5b	jjjj
0x0014D647	0x14d647	0x54d647	ijjjj
0x0014D814	0x14d814	0x54d814	ijjjj
0x0014E6E6	0x14e6e6	0x54e6e6	jjjj
0x00153271	0x153271	0x553271	jjjj
0x0015F3E0	0x15f3e0	0x55f3e0	jjjj
0x0015F47C	0x15f47c	0x55f47c	jjjj
0x00160244	0x160244	0x560244	jjjjj
0x00160B1C	0x160b1c	0x560b1c	jjjjj
0x00160C10	0x160c10	0x560c10	jjjjj
0x0016A6CE	0x16a6ce	0x56a6ce	jjjjj
0x001775AE	0x1775ae	0x5775ae	jjjjj
0x00178177	0x178177	0x578177	jjjjj
0x0017F603	0x17f603	0x57f603	jjjj
0x0017F94F	0x17f94f	0x57f94f	jjjj
0x0017FABB	0x17fabb	0x57fabb	jjjj
0x00185C58	0x185c58	0x585c58	jjjj
0x00185CDC	0x185cdc	0x585cdc	jjjj
0x001902D7	0x1902d7	0x5902d7	jjjj
0x001922E1	0x1922e1	0x5922e1	Ffjj
0x00192323	0x192323	0x592323	Ffjj
0x00192632	0x192632	0x592632	Ffjj
0x0019267C	0x19267c	0x59267c	Ffjj
0x001963B2	0x1963b2	0x5963b2	jjjj
0x00198F23	0x198f23	0x598f23	jjjjh
0x0019F386	0x19f386	0x59f386	jjjj
0x001A09F7	0x1a09f7	0x5a09f7	jjjjj
0x001A0BAF	0x1a0baf	0x5a0baf	jjjjj
0x001A3679	0x1a3679	0x5a3679	jjjjj
0x001A4472	0x1a4472	0x5a4472	gjjjj
0x001A543E	0x1a543e	0x5a543e	jjjj
0x001A5DF8	0x1a5df8	0x5a5df8	jjjjj
0x001AAAC0	0x1aaac0	0x5aaac0	jjjjj
0x001AACEF	0x1aacef	0x5aacef	jjjjj
0x001AD047	0x1ad047	0x5ad047	jjjj
0x001AD0AC	0x1ad0ac	0x5ad0ac	jjjj
0x001AD12E	0x1ad12e	0x5ad12e	jjjj
0x001AD2E6	0x1ad2e6	0x5ad2e6	bjjj
0x001AF2F1	0x1af2f1	0x5af2f1	jjjj
0x001B0900	0x1b0900	0x5b0900	jjjjj
0x001B1672	0x1b1672	0x5b1672	jjjjj
0x001B516F	0x1b516f	0x5b516f	jjjjj
0x001BB1D6	0x1bb1d6	0x5bb1d6	jjjj
0x001BDC52	0x1bdc52	0x5bdc52	jjjjj
0x001D479A	0x1d479a	0x5d479a	jjjh
0x001D843F	0x1d843f	0x5d843f	gjjjj
0x001D8C0B	0x1d8c0b	0x5d8c0b	jjjjj
0x001D930A	0x1d930a	0x5d930a	jjjj
0x001D939D	0x1d939d	0x5d939d	jjjj
0x001DBD4B	0x1dbd4b	0x5dbd4b	jjjj
0x001DFAA9	0x1dfaa9	0x5dfaa9	pjjj
0x001DFB56	0x1dfb56	0x5dfb56	pjjj
0x001F468F	0x1f468f	0x5f468f	jjjj
0x001F5C6A	0x1f5c6a	0x5f5c6a	jjjj
0x001F5E40	0x1f5e40	0x5f5e40	jjjj
0x001FD710	0x1fd710	0x5fd710	jjjj
0x00209A86	0x209a86	0x609a86	jjjj
0x0020C71C	0x20c71c	0x60c71c	jjjj
0x0020F756	0x20f756	0x60f756	jjjj
0x002102A4	0x2102a4	0x6102a4	bjjj
0x002121A1	0x2121a1	0x6121a1	jjjjjjjj
0x002121B4	0x2121b4	0x6121b4	gjjjj
0x0021307D	0x21307d	0x61307d	jjjj
0x00229DD6	0x229dd6	0x629dd6	jjjjj
0x00229E1F	0x229e1f	0x629e1f	jjjh
0x0022B979	0x22b979	0x62b979	jjjj
0x0022FD96	0x22fd96	0x62fd96	Aimage/png
0x0022FDAC	0x22fdac	0x62fdac	image/tiff
0x0022FDC4	0x22fdc4	0x62fdc4	image/gif
0x0022FDD8	0x22fdd8	0x62fdd8	image/jpeg
0x0022FDF0	0x22fdf0	0x62fdf0	image/bmp
0x0023423A	0x23423a	0x63423a	SummaryInformation
0x0024D512	0x24d512	0x64d512	YaccDoDefaultAction
0x0024D53C	0x24d53c	0x64d53c	accHitTest
0x0024D554	0x24d554	0x64d554	accNavigate
0x0024D56C	0x24d56c	0x64d56c	accLocation
0x0024D584	0x24d584	0x64d584	accSelect
0x0024D598	0x24d598	0x64d598	accDefaultAction
0x0024D5BC	0x24d5bc	0x64d5bc	accSelection
0x0024D5D8	0x24d5d8	0x64d5d8	accFocus
0x0024D5EC	0x24d5ec	0x64d5ec	accKeyboardShortcut
0x0024D614	0x24d614	0x64d614	accHelpTopic
0x0024D630	0x24d630	0x64d630	accHelp
0x0024D640	0x24d640	0x64d640	accState
0x0024D654	0x24d654	0x64d654	accRole
0x0024D664	0x24d664	0x64d664	accDescription
0x0024D684	0x24d684	0x64d684	accValue
0x0024D698	0x24d698	0x64d698	accName
0x0024D6A8	0x24d6a8	0x64d6a8	accChild
0x0024D6BC	0x24d6bc	0x64d6bc	accChildCount
0x0024D6D8	0x24d6d8	0x64d6d8	accParent
0x00278464	0x278464	0x678464	Button
0x0028A2B4	0x28a2b4	0x68a2b4	(null)
0x0028A398	0x28a398	0x68a398	        h((((                  H
0x0028A7D0	0x28a7d0	0x68a7d0	         (((((                  H
0x0028A9D2	0x28a9d2	0x68a9d2	         h((((                  H
0x0028AAD0	0x28aad0	0x68aad0	                                 H
0x00290D9C	0x290d9c	0x690d9c	%S(%d) : 
0x00290DB0	0x290db0	0x690db0	%s: 
0x002CDB9A	0x312b9a	0x712b9a	BACKJPG
0x002CDBAA	0x312baa	0x712baa	OKJPG
0x002CDBB6	0x312bb6	0x712bb6	STARTJPG
0x002CDBC8	0x312bc8	0x712bc8	TESTJPG
0x002CDBD8	0x312bd8	0x712bd8	NODATAJPG
0x002CDBEC	0x312bec	0x712bec	LOADJPG
0x002CDBFC	0x312bfc	0x712bfc	PASSJPG
0x002CDC0C	0x312c0c	0x712c0c	CHECKJPG
0x002CDC1E	0x312c1e	0x712c1e	UNLOADJPG
0x002CDC32	0x312c32	0x712c32	FAULTJPG
0x002CDC44	0x312c44	0x712c44	RESIJPG
0x002CDC54	0x312c54	0x712c54	SPLASHJPG
0x002CDC68	0x312c68	0x712c68	SMALLSPLASHJPG
0x002CDC86	0x312c86	0x712c86	CAPAJPG
0x002CDC96	0x312c96	0x712c96	TXTBACKJPG
0x002CDCAC	0x312cac	0x712cac	BACKJPG1
0x002CDCBE	0x312cbe	0x712cbe	WAVE
0x002CDCC8	0x312cc8	0x712cc8	SOUND1
0x002CDCD6	0x312cd6	0x712cd6	CLICK
0x002CDCE2	0x312ce2	0x712ce2	START
0x002CDCEE	0x312cee	0x712cee	DINGDONG
0x002CDD00	0x312d00	0x712d00	COMPUTER
0x002CDD12	0x312d12	0x712d12	TICK
0x002CDD1C	0x312d1c	0x712d1c	TESTPOINT
0x002CDD30	0x312d30	0x712d30	STAGEOK
0x002CDD40	0x312d40	0x712d40	DOMISOLDO
0x002CDD54	0x312d54	0x712d54	DRIP
0x002CDD5E	0x312d5e	0x712d5e	DINGDONG1
0x002CDD72	0x312d72	0x712d72	DINGDONG2
0x002CDD86	0x312d86	0x712d86	TEXT
0x002DEF19	0x323f19	0x723f19	Texts
0x002DFC5C	0x324c5c	0x724c5c	Adobe Photoshop Elements
0x002DFC90	0x324c90	0x724c90	Adobe Photoshop Elements 1.0.1
0x002E2737	0x327737	0x727737	Texts
0x002E3444	0x328444	0x728444	Adobe Photoshop Elements
0x002E3478	0x328478	0x728478	Adobe Photoshop Elements 1.0.1
0x002E5CED	0x32aced	0x72aced	Texts
0x002E691E	0x32b91e	0x72b91e	Adobe Photoshop Elements
0x002E6952	0x32b952	0x72b952	Adobe Photoshop Elements 1.0.1
0x002E93F2	0x32e3f2	0x72e3f2	TextDlgs
0x002EA6D1	0x32f6d1	0x72f6d1	Adobe Photoshop
0x002EA6F3	0x32f6f3	0x72f6f3	Adobe Photoshop 7.0
0x002EF6A5	0x3346a5	0x7346a5	TextDlgs
0x002F0886	0x335886	0x735886	Adobe Photoshop
0x002F08A8	0x3358a8	0x7358a8	Adobe Photoshop 7.0
0x002F4841	0x339841	0x739841	Texts
0x002F5264	0x33a264	0x73a264	Adobe Photoshop
0x002F5286	0x33a286	0x73a286	Adobe Photoshop 7.0
0x002F79A1	0x33c9a1	0x73c9a1	TextDlgs
0x002F85E0	0x33d5e0	0x73d5e0	Adobe Photoshop Elements
0x002F8614	0x33d614	0x73d614	Adobe Photoshop Elements 1.0.1
0x002FB59B	0x34059b	0x74059b	Texts
0x002FC178	0x341178	0x741178	Adobe Photoshop Elements
0x002FC1AC	0x3411ac	0x7411ac	Adobe Photoshop Elements 1.0.1
0x002FE641	0x343641	0x743641	TextDlgs
0x002FF284	0x344284	0x744284	Adobe Photoshop Elements
0x002FF2B8	0x3442b8	0x7442b8	Adobe Photoshop Elements 1.0.1
0x00302824	0x347824	0x747824	txtWork
0x00303D21	0x348d21	0x748d21	Adobe Photoshop
0x00303D43	0x348d43	0x748d43	Adobe Photoshop CS3
0x003052E6	0x34a2e6	0x74a2e6	#(-27;@EJOTY^chmrw|
0x00308E73	0x34de73	0x74de73	#(-27;@EJOTY^chmrw|
0x0030EF7B	0x353f7b	0x753f7b	#(-27;@EJOTY^chmrw|
0x00310D3F	0x355d3f	0x755d3f	#(-27;@EJOTY^chmrw|
0x00313ADB	0x358adb	0x758adb	TextDlgs
0x003146E2	0x3596e2	0x7596e2	Adobe Photoshop Elements
0x00314716	0x359716	0x759716	Adobe Photoshop Elements 2.0
0x00315F9C	0x35af9c	0x75af9c	#(-27;@EJOTY^chmrw|
0x003185E8	0x35d5e8	0x75d5e8	BackImage
0x00319049	0x35e049	0x75e049	Adobe Photoshop
0x0031906B	0x35e06b	0x75e06b	Adobe Photoshop CS3
0x003317DA	0x3767da	0x7767da	#201+$
0x003317EE	0x3767ee	0x7767ee	P?&!
0x0033180C	0x37680c	0x77680c	.K^]E1
0x00331840	0x376840	0x776840	A:CH
0x0034950E	0x38e50e	0x78e50e	+Xrz
0x00349562	0x38e562	0x78e562	/PZ~
0x00349736	0x38e736	0x78e736	aN^tl
0x00349742	0x38e742	0x78e742	z%]L#
0x003497A6	0x38e7a6	0x78e7a6	fR-$
0x003497EE	0x38e7ee	0x78e7ee	bE5+X
0x00349838	0x38e838	0x78e838	f].$
0x0034987E	0x38e87e	0x78e87e	QFnqb(MuI7ogn
0x0034FAB1	0x394ab1	0x794ab1	%GZWJ@3"
0x0034FAD9	0x394ad9	0x794ad9	.MVM@5#
0x0034FAFF	0x394aff	0x794aff	3ORG<0 
0x0034FB25	0x394b25	0x794b25	;PNA4'
0x0034FB47	0x394b47	0x794b47	(HRE8,
0x0034FB69	0x394b69	0x794b69	1KNB5(
0x0034FB8B	0x394b8b	0x794b8b	;UQ@4)
0x0034FBAD	0x394bad	0x794bad	D_S@:,
0x0034FBCD	0x394bcd	0x794bcd	-UXE:1
0x0034FBED	0x394bed	0x794bed	1ON>5*
0x0034FC0D	0x394c0d	0x794c0d	;G@2&
0x0034FC29	0x394c29	0x794c29	33+!
0x0034FC43	0x394c43	0x794c43	5KF9-
0x0034FC5F	0x394c5f	0x794c5f	2MK:*
0x0034FC79	0x394c79	0x794c79	"GN?0
0x0035610A	0x39b10a	0x79b10a	@"2v
0x003571BC	0x39c1bc	0x79c1bc	1CLQJ
0x0035748C	0x39c48c	0x79c48c	+.22
0x00357632	0x39c632	0x79c632	\,Ab:
0x0035CB8A	0x3a1b8a	0x7a1b8a	+uy;
0x0035D056	0x3a2056	0x7a2056	LxV,**
0x0035DB54	0x3a2b54	0x7a2b54	|y{t^D6>Vp
0x0035DB72	0x3a2b72	0x7a2b72	b,7v
0x0035DBD6	0x3a2bd6	0x7a2bd6	vBHv
0x0035DC08	0x3a2c08	0x7a2c08	&X_A3V
0x0035DC26	0x3a2c26	0x7a2c26	j@&.J_Y9
0x0035DC52	0x3a2c52	0x7a2c52	*9<Jl
0x0035DC70	0x3a2c70	0x7a2c70	:^n^=$
0x0035E7BA	0x3a37ba	0x7a37ba	*FQH<<ITN4
0x0035E7E6	0x3a37e6	0x7a37e6	&8LYTB0''( 
0x0035E806	0x3a3806	0x7a3806	&3<AA><<><6006@LVanz
0x0035F68A	0x3a468a	0x7a468a	!6>6!
0x0035F732	0x3a4732	0x7a4732	&AH9
0x0035F75A	0x3a475a	0x7a475a	AZ\A
0x0035F774	0x3a4774	0x7a4774	$+(" 
0x0035F796	0x3a4796	0x7a4796	7FD4
0x0035F7DE	0x3a47de	0x7a47de	0><"
0x0035F804	0x3a4804	0x7a4804	4PR:
0x0035F82A	0x3a482a	0x7a482a	Bbb?
0x0035F840	0x3a4840	0x7a4840	<n}l@
0x0035F864	0x3a4864	0x7a4864	,<:&
0x0035F89C	0x3a489c	0x7a489c	(JF$
0x0035F8C2	0x3a48c2	0x7a48c2	#\hB
0x0035F8D8	0x3a48d8	0x7a48d8	2XcB
0x0035F8EC	0x3a48ec	0x7a48ec	\q^7
0x0035F910	0x3a4910	0x7a4910	*LhnR
0x0035F926	0x3a4926	0x7a4926	JvrI
0x0035F960	0x3a4960	0x7a4960	9PW?
0x0035F974	0x3a4974	0x7a4974	Bd[.
0x0035FA0E	0x3a4a0e	0x7a4a0e	<G< 
0x0035FA3A	0x3a4a3a	0x7a4a3a	N\?"*Rl?
0x0035FA8E	0x3a4a8e	0x7a4a8e	,isD
0x0035FAC8	0x3a4ac8	0x7a4ac8	 Hgi:
0x0035FB06	0x3a4b06	0x7a4b06	$HG&
0x0035FB16	0x3a4b16	0x7a4b16	,_zwR
0x0035FB48	0x3a4b48	0x7a4b48	h.#34
0x0035FBAC	0x3a4bac	0x7a4bac	GnrZ.
0x0035FC30	0x3a4c30	0x7a4c30	rD,<f
0x00361552	0x3a6552	0x7a6552	2>4N
0x00364F4E	0x3a9f4e	0x7a9f4e	T.7L8
0x00366CFC	0x3abcfc	0x7abcfc	~`F+
0x00366E74	0x3abe74	0x7abe74	pT<$
0x00366F3A	0x3abf3a	0x7abf3a	!$(*,0020100...,*("
0x0036703C	0x3ac03c	0x7ac03c	    
0x003677D2	0x3ac7d2	0x7ac7d2	 4@<67AKLLP[^T>27DI:"
0x00367834	0x3ac834	0x7ac834	&278BNXRD>FXbZI?CHD<:@FB5,4DJA-!""
0x00367900	0x3ac900	0x7ac900	?hxtv
0x0036791E	0x3ac91e	0x7ac91e	llxh,
0x00367964	0x3ac964	0x7ac964	0Scz
0x00367A18	0x3aca18	0x7aca18	"".h
0x00367A78	0x3aca78	0x7aca78	.`rbRb
0x00367A8A	0x3aca8a	0x7aca8a	d9,6:2#
0x00367AA6	0x3acaa6	0x7acaa6	?Q@,0V
0x00367AD6	0x3acad6	0x7acad6	hVR4
0x00367B3E	0x3acb3e	0x7acb3e	wL/6J8
0x00367BCE	0x3acbce	0x7acbce	"MWz
0x00367C3C	0x3acc3c	0x7acc3c	440<^
0x00367CDC	0x3accdc	0x7accdc	vK:&
0x00370D78	0x3b5d78	0x7b5d78	 8Ofz
0x00370DF4	0x3b5df4	0x7b5df4	tbO>.
0x003C0BD4	0x405bd4	0x805bd4	MS Sans Serif
0x003C0C42	0x405c42	0x805c42	SysListView32
0x003C0C5E	0x405c5e	0x805c5e	List1
0x003C0C96	0x405c96	0x805c96	System
0x003C0CC2	0x405cc2	0x805cc2	System
0x003C0CEE	0x405cee	0x805cee	Debug Output
0x003C0D0E	0x405d0e	0x805d0e	Fixedsys
0x003C0D7C	0x405d7c	0x805d7c	Message
0x003C0DAC	0x405dac	0x805dac	Connection Board
0x003C0E40	0x405e40	0x805e40	ToList 
0x003C0EBC	0x405ebc	0x805ebc	Input
0x003C0F08	0x405f08	0x805f08	R34401
0x003C0FE0	0x405fe0	0x805fe0	RegOpt
0x003C102C	0x40602c	0x80602c	Bits
0x003C10B2	0x4060b2	0x8060b2	System
0x003C123E	0x40623e	0x80623e	MS Sans Serif
0x003C129C	0x40629c	0x80629c	Copyright (C) 1999
0x003C1300	0x406300	0x806300	00000000
0x003C1334	0x406334	0x806334	 ID :
0x003C13CC	0x4063cc	0x8063cc	msctls_progress32
0x003C13F0	0x4063f0	0x8063f0	Progress1
0x003C1432	0x406432	0x806432	 v1.0  
0x003C15B0	0x4065b0	0x8065b0	Cancel
0x003C163E	0x40663e	0x80663e	Terminal
0x003C1690	0x406690	0x806690	SysDateTimePick32
0x003C16B4	0x4066b4	0x8066b4	DateTimePicker1
0x003C16F0	0x4066f0	0x8066f0	SysDateTimePick32
0x003C1714	0x406714	0x806714	DateTimePicker1
0x003C1798	0x406798	0x806798	SysListView32
0x003C17B4	0x4067b4	0x8067b4	List1
0x003C1820	0x406820	0x806820	MS Shell Dlg
0x003C187C	0x40687c	0x80687c	Cancel
0x003C18A4	0x4068a4	0x8068a4	SysListView32
0x003C18E6	0x4068e6	0x8068e6	Dialog
0x003C18FA	0x4068fa	0x8068fa	MS Shell Dlg
0x003C1930	0x406930	0x806930	Debug
0x003C195E	0x40695e	0x80695e	Dialog
0x003C1972	0x406972	0x806972	Microsoft Sans Serif
0x003C1A32	0x406a32	0x806a32	MS Shell Dlg
0x003C1A84	0x406a84	0x806a84	SysListView32
0x003C1B84	0x406b84	0x806b84	msctls_updown32
0x003C1C24	0x406c24	0x806c24	Cable
0x003C1C50	0x406c50	0x806c50	Item
0x003C1C78	0x406c78	0x806c78	Detect
0x003C1CE6	0x406ce6	0x806ce6	Test history viewer
0x003C1D14	0x406d14	0x806d14	MS Shell Dlg
0x003C1D48	0x406d48	0x806d48	SysListView32
0x003C1D80	0x406d80	0x806d80	SysDateTimePick32
0x003C1DC0	0x406dc0	0x806dc0	SysDateTimePick32
0x003C1E24	0x406e24	0x806e24	Retrieve
0x003C1E78	0x406e78	0x806e78	Save
0x003C1EA0	0x406ea0	0x806ea0	Period
0x003C1F0C	0x406f0c	0x806f0c	File
0x003C1F34	0x406f34	0x806f34	Part
0x003C1F5C	0x406f5c	0x806f5c	Item
0x003C1F84	0x406f84	0x806f84	Type
0x003C1FAC	0x406fac	0x806fac	Current Item
0x003C2068	0x407068	0x807068	msctls_updown32
0x003C20A4	0x4070a4	0x8070a4	msctls_updown32
0x003C20E4	0x4070e4	0x8070e4	Year
0x003C210C	0x40710c	0x80710c	Month
0x003C2138	0x407138	0x807138	Week
0x003C2188	0x407188	0x807188	Today
0x003C21B4	0x4071b4	0x8071b4	Master Included
0x003C221C	0x40721c	0x80721c	Worker
0x003C22A8	0x4072a8	0x8072a8	Copy
0x003C22DE	0x4072de	0x8072de	MS Shell Dlg
0x003C2314	0x407314	0x807314	Static
0x003C233C	0x40733c	0x80733c	SysListView32
0x003C239E	0x40739e	0x80739e	Debug Output
0x003C23BE	0x4073be	0x8073be	Fixedsys
0x003C242C	0x40742c	0x80742c	Message (DblClick for copy selected item)
0x003C24D0	0x4074d0	0x8074d0	Use Simulator
0x003C250C	0x40750c	0x80750c	ToList 
0x003C2588	0x407588	0x807588	Input
0x003C25D4	0x4075d4	0x8075d4	ResDev Simul
0x003C26B4	0x4076b4	0x8076b4	RegOpt
0x003C2700	0x407700	0x807700	Connector
0x003C27A0	0x4077a0	0x8077a0	HT <- AL
0x003C27D0	0x4077d0	0x8077d0	HT -> AL
0x003C2820	0x407820	0x807820	Air Leak
0x003C2850	0x407850	0x807850	Open
0x003C2878	0x407878	0x807878	Invisible
0x003C28A8	0x4078a8	0x8078a8	SysListView32
0x003C292C	0x40792c	0x80792c	qTot,cur,cyc,err
0x003C298C	0x40798c	0x80798c	age,cnt,cng,q,usb
0x003C2A18	0x407a18	0x807a18	Pump
0x003C2A68	0x407a68	0x807a68	Copy
0x003C2A90	0x407a90	0x807a90	Clear
0x003C2AE0	0x407ae0	0x807ae0	msctls_trackbar32
0x003C2B24	0x407b24	0x807b24	IoSpeed
0x003C2B54	0x407b54	0x807b54	Direct
0x003C2B80	0x407b80	0x807b80	Show
0x003C2BA8	0x407ba8	0x807ba8	StopScroll
0x003C49EC	0x4099ec	0x8099ec	333f3
0x003C4A78	0x409a78	0x809a78	f3fff
0x003CA054	0x40f054	0x80f054	333f3
0x003CA0E0	0x40f0e0	0x80f0e0	f3fff
0x003CCFD6	0x411fd6	0x811fd6	&File
0x003CCFE6	0x411fe6	0x811fe6	&New
0x003CCFF0	0x411ff0	0x811ff0	Ctrl+N
0x003CD002	0x412002	0x812002	&Open...
0x003CD014	0x412014	0x812014	Ctrl+O
0x003CD026	0x412026	0x812026	&Save
0x003CD032	0x412032	0x812032	Ctrl+S
0x003CD044	0x412044	0x812044	Save &As...
0x003CD066	0x412066	0x812066	Recent File
0x003CD088	0x412088	0x812088	E&xit
0x003CD096	0x412096	0x812096	&Edit
0x003CD0A6	0x4120a6	0x8120a6	&Undo
0x003CD0B2	0x4120b2	0x8120b2	Ctrl+Z
0x003CD0CA	0x4120ca	0x8120ca	Cu&t
0x003CD0D4	0x4120d4	0x8120d4	Ctrl+X
0x003CD0E6	0x4120e6	0x8120e6	&Copy
0x003CD0F2	0x4120f2	0x8120f2	Ctrl+C
0x003CD104	0x412104	0x812104	&Paste
0x003CD112	0x412112	0x812112	Ctrl+V
0x003CD122	0x412122	0x812122	&Help
0x003CD132	0x412132	0x812132	&About htdrv...
0x003CD15C	0x41215c	0x81215c	(&V)
0x003CD17E	0x41217e	0x81217e	(&T)
0x003CD1A0	0x4121a0	0x8121a0	(&S)
0x003CD1C6	0x4121c6	0x8121c6	(&G)
0x003CD1EA	0x4121ea	0x8121ea	(&M)
0x003CD200	0x412200	0x812200	(&L)
0x003CD21A	0x41221a	0x81221a	(&D)
0x003CE728	0x413728	0x813728	MS Shell Dlg
0x003CE75A	0x41375a	0x81375a	&New 
0x003CE7BA	0x4137ba	0x8137ba	Cancel
0x003CE7E2	0x4137e2	0x8137e2	&Help
0x003CE9F0	0x4139f0	0x8139f0	=htdrv
0x003CEA08	0x413a08	0x813a08	Htdrv Files (*.tht)
0x003CEA30	0x413a30	0x813a30	.tht
0x003CEA3A	0x413a3a	0x813a3a	tht.Document
0x003CEA54	0x413a54	0x813a54	tht Document
0x003CEA92	0x413a92	0x813a92	htdrv
0x003CEA9E	0x413a9e	0x813a9e	Ready
0x003CEAE2	0x413ae2	0x813ae2	SCRL
0x003CEB12	0x413b12	0x813b12	Create a new document
0x003CEB46	0x413b46	0x813b46	Open an existing document
0x003CEB7A	0x413b7a	0x813b7a	Open
0x003CEB84	0x413b84	0x813b84	Close the active document
0x003CEBB8	0x413bb8	0x813bb8	Close
0x003CEBC4	0x413bc4	0x813bc4	Save the active document
0x003CEBF6	0x413bf6	0x813bf6	Save0Save the active document with a new name
0x003CEC52	0x413c52	0x813c52	Save As
0x003CEC78	0x413c78	0x813c78	?Display program information, version number and copyright
0x003CECEE	0x413cee	0x813cee	About4Quit the application; prompts to save documents
0x003CED5A	0x413d5a	0x813d5a	Exit
0x003CED82	0x413d82	0x813d82	Open this document
0x003CEDA8	0x413da8	0x813da8	Open this document
0x003CEDCE	0x413dce	0x813dce	Open this document
0x003CEDF4	0x413df4	0x813df4	Open this document
0x003CEE1A	0x413e1a	0x813e1a	Open this document
0x003CEE40	0x413e40	0x813e40	Open this document
0x003CEE66	0x413e66	0x813e66	Open this document
0x003CEE8C	0x413e8c	0x813e8c	Open this document
0x003CEEB2	0x413eb2	0x813eb2	Open this document
0x003CEED8	0x413ed8	0x813ed8	Open this document
0x003CEEFE	0x413efe	0x813efe	Open this document
0x003CEF24	0x413f24	0x813f24	Open this document
0x003CEF4A	0x413f4a	0x813f4a	Open this document
0x003CEF70	0x413f70	0x813f70	Open this document
0x003CEF96	0x413f96	0x813f96	Open this document
0x003CEFBC	0x413fbc	0x813fbc	Open this document(Switch to the next window pane
0x003CF020	0x414020	0x814020	Next Pane5Switch back to the previous window pane
0x003CF084	0x414084	0x814084	Previous Pane
0x003CF0CA	0x4140ca	0x8140ca	(Split the active window into panes
0x003CF112	0x414112	0x814112	Split
0x003CF132	0x414132	0x814132	Erase the selection
0x003CF15A	0x41415a	0x81415a	Erase
0x003CF166	0x414166	0x814166	Erase everything
0x003CF188	0x414188	0x814188	Erase All3Copy the selection and put it on the Clipboard
0x003CF1FA	0x4141fa	0x8141fa	Copy1Cut the selection and put it on the Clipboard
0x003CF268	0x414268	0x814268	Find the specified text
0x003CF298	0x414298	0x814298	Find
0x003CF2A2	0x4142a2	0x8142a2	Insert Clipboard contents
0x003CF2D6	0x4142d6	0x8142d6	Paste
0x003CF2E6	0x4142e6	0x8142e6	Repeat the last action
0x003CF314	0x414314	0x814314	Repeat1Replace specific text with different text
0x003CF376	0x414376	0x814376	Replace%Select the entire document
0x003CF3BC	0x4143bc	0x8143bc	Select All
0x003CF3D2	0x4143d2	0x8143d2	Undo the last action
0x003CF3FC	0x4143fc	0x8143fc	Undo&Redo the previously undone action
0x003CF44A	0x41444a	0x81444a	Redo
0x003CF45A	0x41445a	0x81445a	Change the window size
0x003CF488	0x414488	0x814488	Change the window position
0x003CF4BE	0x4144be	0x8144be	Reduce the window to an icon
0x003CF4F8	0x4144f8	0x8144f8	Enlarge the window to full size"Switch to the next document window&Switch to the previous document window9Close the active window and prompts to save the documents
0x003CF654	0x414654	0x814654	!Restore the window to normal size
0x003CF69A	0x41469a	0x81469a	Activate Task List
0x003CF6C0	0x4146c0	0x8146c0	Io-pad zoom in
0x003CF6DE	0x4146de	0x8146de	Io-pad zoom out
0x003CF6FE	0x4146fe	0x8146fe	Io-pad expand x
0x003CF720	0x414720	0x814720	Io-pad reduce x
0x003CF740	0x414740	0x814740	Change mode
0x003CF758	0x414758	0x814758	Change mode
0x003CF770	0x414770	0x814770	Previous IO test
0x003CF792	0x414792	0x814792	Fault mark 
0x003CF932	0x414932	0x814932	Open
0x003CF93C	0x41493c	0x81493c	Save As
0x003CF94C	0x41494c	0x81494c	All Files (*.*)
0x003CF96C	0x41496c	0x81496c	Untitled
0x003CF982	0x414982	0x814982	an unnamed file
0x003CF9BC	0x4149bc	0x8149bc	&Hide
0x003CF9EA	0x4149ea	0x8149ea	No error message is available.'An unsupported operation was attempted.$A required resource was unavailable.
0x003CFAC2	0x414ac2	0x814ac2	Out of memory.
0x003CFAE0	0x414ae0	0x814ae0	An unknown error has occurred.$An invalid argument was encountered.
0x003CFB82	0x414b82	0x814b82	Invalid filename.
0x003CFBA6	0x414ba6	0x814ba6	Failed to open document.
0x003CFBD8	0x414bd8	0x814bd8	Failed to save document.
0x003CFC0A	0x414c0a	0x814c0a	Save changes to %1? Failed to create empty document.
0x003CFC74	0x414c74	0x814c74	The file is too large to open.
0x003CFCB2	0x414cb2	0x814cb2	Could not start print job.
0x003CFCE8	0x414ce8	0x814ce8	Failed to launch help.
0x003CFD16	0x414d16	0x814d16	Internal application error.
0x003CFD4E	0x414d4e	0x814d4e	Command failed.)Insufficient memory to perform operation.PSystem registry entries have been removed and the INI file (if any) was deleted.BNot all of the system registry entries (or INI file) were removed.FThis program requires the file %s, which was not found on this system.tThis program is linked to the missing export %s in the file %s. This machine may have an incompatible version of %s.
0x003D0080	0x415080	0x815080	#Unable to read write-only property.#Unable to write read-only property.
0x003D011A	0x41511a	0x81511a	Unexpected file format.V%1
0x003D0150	0x415150	0x815150	Cannot find this file.
0x003D017E	0x41517e	0x81517e	Please verify that the correct path and file name are given.
0x003D01F8	0x4151f8	0x8151f8	Destination disk drive is full.5Unable to read from %1, it is opened by someone else.AUnable to write to %1, it is read-only or opened by someone else..An unexpected error occurred while reading %1..An unexpected error occurred while writing %1.
0x003D03FA	0x4153fa	0x8153fa	Please enter an integer.
0x003D042C	0x41542c	0x81542c	Please enter a number.*Please enter an integer between %1 and %2.(Please enter a number between %1 and %2.(Please enter no more than %1 characters.
0x003D0554	0x415554	0x815554	Please select a button.*Please enter an integer between 0 and 255. Please enter a positive integer. Please enter a date and/or time.
0x003D065E	0x41565e	0x81565e	Please enter a currency.
0x003D0690	0x415690	0x815690	Please enter a GUID.
0x003D06BA	0x4156ba	0x8156ba	Please enter a time.
0x003D06E4	0x4156e4	0x8156e4	Please enter a date.
0x003D071A	0x41571a	0x81571a	No error occurred.-An unknown error occurred while accessing %1.
0x003D079C	0x41579c	0x81579c	%1 was not found.
0x003D07C0	0x4157c0	0x8157c0	%1 contains an invalid path.=%1 could not be opened because there are too many open files.
0x003D0876	0x415876	0x815876	Access to %1 was denied..An invalid file handle was associated with %1.<%1 could not be removed because it is the current directory.6%1 could not be created because the directory is full.
0x003D09EE	0x4159ee	0x8159ee	Seek failed on %15A hardware I/O error was reported while accessing %1.0A sharing violation occurred while accessing %1.0A locking violation occurred while accessing %1.
0x003D0B42	0x415b42	0x815b42	Disk full while accessing %1..An attempt was made to access %1 past its end.
0x003D0BE2	0x415be2	0x815be2	No error occurred.-An unknown error occurred while accessing %1./An attempt was made to write to the reading %1..An attempt was made to access %1 past its end.0An attempt was made to read from the writing %1.
0x003D0D84	0x415d84	0x815d84	%1 has a bad format."%1 contained an unexpected object. %1 contains an incorrect schema.
0x003D0E48	0x415e48	0x815e48	#Unable to load mail system support.
0x003D0E92	0x415e92	0x815e92	Mail system DLL is invalid.!Send Mail failed to send message.
0x003D0F2A	0x415f2a	0x815f2a	pixels
0x003D0F5A	0x415f5a	0x815f5a	%1: %2
0x003D0F68	0x415f68	0x815f68	Continue running script?
0x003D0F9A	0x415f9a	0x815f9a	Dispatch exception: %1
0x003D0FEC	0x415fec	0x815fec	Uncheck
0x003D0FFC	0x415ffc	0x815ffc	Check
0x003D1008	0x416008	0x816008	Mixed
